تاریخ,قیمت ابطال,قیمت صدور,قیمت آماری,ارزش خالص دارایی‌ها,تعداد واحدهای سرمایه‌گذاری شده
1401/03/06,779521,780461,779521,16548978737058,21229662
1401/03/05,779476,780416,779476,16548022031507,21229662
1401/03/04,779431,780371,779431,16547066934801,21229662
1401/03/03,779288,780226,779288,16544027569414,21229662
1401/03/02,786459,787408,786459,16696261792163,21229662
1401/03/01,806997,807973,806997,17132287333532,21229662
1401/02/31,807129,808106,807129,17135080076082,21229662
1401/02/30,822738,823735,822738,17466456880720,21229662
1401/02/29,822693,823691,822693,17465510970778,21229662
1401/02/28,822649,823646,822649,17464566337031,21229662
1401/02/27,833911,834924,833911,17703665406658,21229662
1401/02/26,780148,781057,780148,18233094771010,23371325
1401/02/25,783025,783939,783025,18300350418007,23371325
1401/02/24,1022048,1023432,1022048,16003868495462,15658612
1401/02/23,1032775,1034176,1032775,16171830960776,15658612
1401/02/22,1032707,1034108,1032707,16170765527262,15658612
1401/02/21,1032639,1034040,1032639,16169701850821,15658612
1401/02/20,925910,927076,925910,17039624010816,18403104
1401/02/19,918689,919846,918689,16906733418442,18403104
1401/02/18,1025917,1027248,1025917,20016696946188,19511026
1401/02/17,1016528,1017846,1016528,19833506145314,19511027
1401/02/16,1004248,1005547,1004248,19593919798067,19511027
1401/02/15,1004194,1005494,1004194,19592872521867,19511027
1401/02/14,1004141,1005440,1004141,19591827072826,19511027
1401/02/13,1004087,1005387,1004087,19590783450835,19511027
1401/02/12,1004034,1005333,1004034,19589741655947,19511027
1401/02/11,989644,990924,989644,19308978711019,19511027
1401/02/10,966673,967904,966673,19595547110067,20271109
1401/02/09,972338,973512,972338,20475332086604,21057830
1401/02/08,972288,973462,972288,20474285772432,21057830
1401/02/07,972230,973404,972230,20473060620103,21057830
1401/02/06,968104,969302,968104,20386180673902,21057830
1401/02/05,961635,962825,961635,20249947817641,21057829
1401/02/04,956737,957926,956737,20146809834927,21057829
1401/02/03,953813,954997,953813,20085246812051,21057829
1401/02/02,953764,954948,953764,20084212735351,21057829
1401/02/01,953714,954898,953714,20083163380206,21057829
1401/01/31,953656,954840,953656,20081931261633,21057829
1401/01/30,947734,948909,947734,19957235163190,21057829
1401/01/29,938555,939719,938555,19763942456696,21057829
1401/01/28,931351,932505,931351,19612239828186,21057829
1401/01/27,928894,930046,928894,19560495426162,21057829
1401/01/26,917873,919009,917873,19328431808540,21057829
1401/01/25,917822,918957,917822,19327344099816,21057829
1401/01/24,917770,918906,917770,19326258219283,21057829
1401/01/23,912109,913237,912109,19207046564110,21057829
1401/01/22,927119,928268,927119,19523125530604,21057829
1401/01/21,925821,926970,925821,19495784344125,21057829
1401/01/20,911779,912909,911779,19200103723751,21057829
1401/01/19,910233,911360,910233,19167539621557,21057829
1401/01/18,910181,911308,910181,19166450993985,21057829
1401/01/17,910130,911256,910130,19165363886808,21057829
1401/01/16,912022,913149,912022,19205212482750,21057829
1401/01/15,905275,906394,905275,19063145944771,21057829
1401/01/14,900011,901124,900011,18952297625889,21057829
1401/01/13,883322,884412,883322,18600851284797,21057829
1401/01/12,883270,884359,883270,18599754781400,21057829
1401/01/11,883218,884307,883218,18598660119015,21057829
1401/01/10,883166,884256,883166,18597567297559,21057829
1401/01/09,882413,883502,882413,18581711229655,21057829
1401/01/08,882113,883203,882113,18581576675534,21064829
1401/01/07,877987,879071,877987,18494648667083,21064829
1401/01/06,877304,878391,877304,18480270230578,21064829
1401/01/05,871983,873062,871983,18368181132441,21064829
1401/01/04,871946,873025,871946,18367410760070,21064829
1401/01/03,871910,872989,871910,18366642254050,21064829
1401/01/02,871873,872952,871873,18365875614370,21064829
1401/01/01,871837,872916,871837,18365108867913,21064829
1400/12/29,871798,872876,871798,18364280619019,21064829
1400/12/28,871743,872822,871743,18363124436902,21064829
1400/12/27,863235,864843,863235,13910827242356,16114757
1400/12/26,863164,864772,863164,13909685174138,16114757
1400/12/25,863093,864702,863093,13908544745740,16114757
1400/12/24,854576,855795,854576,13658707535602,15983020
1400/12/23,852824,854041,852824,13630705837226,15983020
1400/12/22,853688,854822,853688,13644520932432,15983020
1400/12/21,851086,852217,851086,13602940510553,15983020
1400/12/20,866181,867322,866181,13844198228466,15983020
1400/12/19,866132,867273,866132,13843408559423,15983020
1400/12/18,866082,867223,866082,13842620060782,15983020
1400/12/17,857716,858851,857716,13708905484673,15983020
1400/12/16,869432,870464,869432,13896157213289,15983020
1399/10/12,1246426,1248134,1246426,7412859223403,5947291
1399/10/11,1246445,1248153,1246445,7412971321204,5947291
1399/10/10,1246463,1248172,1246463,7413083478511,5947291
1399/10/09,1245275,1246968,1245275,7406014959468,5947291
1399/10/08,1267334,1269015,1267334,7537208385277,5947291
1399/10/07,1256178,1257850,1256178,7470859757076,5947291
1399/10/06,1281906,1283595,1281906,7623872288177,5947291
1399/10/05,1315028,1316706,1315028,7871222654704,5985591
1399/10/04,1315047,1316725,1315047,7871335441628,5985591
1399/10/03,1315066,1316744,1315066,7871448287883,5985591
1399/10/02,1303858,1305499,1303858,7804361445565,5985591
1399/10/01,1268422,1270058,1268422,7592255323075,5985591
1399/09/30,1269445,1274139,1269445,7307469946900,5756426
1399/09/29,1287416,1292019,1287416,7410915719222,5756426
1399/09/28,1278488,1283111,1278488,7200935656450,5632382
1399/09/27,1278505,1283128,1278505,7201032514028,5632382
1399/09/26,1278522,1283145,1278522,7201129055895,5632382
1399/09/25,1284119,1288723,1284119,7230852359901,5630979
1399/09/24,1327629,1331881,1327629,7475855465109,5630979
1399/09/23,1718736,1724486,1718736,6975630557611,4058581
1399/09/22,1749905,1755562,1749905,7102134815627,4058581
1399/09/21,1742135,1747539,1742135,7070598521443,4058581
1399/09/20,1742150,1747553,1742150,7070657719742,4058581
1399/09/19,1742164,1747568,1742164,7070716998176,4058581
1399/09/18,1769468,1774424,1769468,6890212039082,3893945
1399/09/17,1754947,1759854,1754947,6833669586850,3893945
1399/09/16,1758875,1763682,1758875,6848962888579,3893945
1399/09/15,1715236,1720180,1715236,6679035847364,3893945
1399/09/14,1688865,1693802,1688865,6516413274926,3858456
1399/09/13,1688876,1693813,1688876,6516455216895,3858456
1399/09/12,1688887,1693824,1688887,6516497228860,3858456
1399/09/11,1696963,1701918,1696963,6547660241226,3858456
1399/09/10,1669016,1674001,1669016,6387349737410,3827014
1399/09/09,1672892,1678244,1672892,5929577455162,3544507
1399/09/08,1651296,1656317,1651296,5660097232422,3427668
1399/09/07,1641352,1646305,1641352,5626012587943,3427668
1399/09/06,1641361,1646314,1641361,5626041794112,3427668
1399/09/05,1641369,1646322,1641369,5626069274472,3427668
1399/09/04,1674709,1680240,1674709,5122284514948,3058610
1399/09/03,1693705,1699199,1693705,5201554607964,3071110
1399/09/02,1662449,1667750,1662449,5105564663288,3071110
1399/09/01,1642936,1648091,1642936,5045637819204,3071110
1399/08/30,1635501,1640727,1635501,5022803597698,3071110
1399/08/29,1635500,1640727,1635500,5022802450488,3071110
1399/08/28,1635500,1640727,1635500,5022802763359,3071110
1399/08/27,1579147,1584343,1579147,4849735797710,3071110
1399/08/26,1541069,1546200,1541069,4732794410722,3071110
1399/08/25,1547698,1552870,1547698,4753151772366,3071110
1399/08/24,1570607,1575874,1570607,4823508763064,3071110
1399/08/23,1515029,1520293,1515029,4615925781175,3046757
1399/08/22,1515034,1520298,1515034,4615940542791,3046757
1399/08/21,1515038,1520303,1515038,4615955395282,3046757
1399/08/20,1504532,1509724,1504532,4583946193472,3046757
1399/08/19,1534787,1540156,1534787,4510536470856,2938867
1399/08/18,1547417,1552758,1547417,4492332115479,2903116
1399/08/17,1562578,1619668,1562578,4531143773466,2899787
1399/08/16,1626340,1684427,1626340,4641075107880,2853692
1399/08/15,1626346,1684432,1626346,4641091070733,2853692
1399/08/14,1626351,1684438,1626351,4641107124169,2853692
1399/08/13,1592099,1650101,1592099,4543362484086,2853692
1399/08/12,1592105,1650106,1592105,4543377683177,2853692
1399/08/11,1631184,1689222,1631184,4654898498343,2853692
1399/08/10,1683372,1741468,1683372,4803825811451,2853692
1399/08/09,1642357,1700350,1642357,4686781696269,2853692
1399/08/08,1642361,1700353,1642361,4686792676481,2853692
1399/08/07,1642364,1700357,1642364,4686803746424,2853692
1399/08/06,1673572,1731587,1673572,4774187898323,2852692
1399/08/05,1716107,1774164,1716107,4893810530330,2851692
1399/08/04,1772488,1830585,1772488,5054590712893,2851692
1399/08/03,1772490,1830588,1772490,5054597233034,2851692
1399/08/02,1823806,1881968,1823806,5200934091595,2851692
1399/08/01,1823807,1881969,1823807,5200938312401,2851692
1399/07/30,1822189,1880351,1822189,5196322990553,2851692
1399/07/29,1790849,1848949,1790849,5106952499950,2851692
1399/07/27,1853582,1911541,1853582,5285846635722,2851692
1399/07/26,1865733,1923576,1865733,5320497401438,2851692
1399/07/25,1865725,1923568,1865725,5320475802595,2851692
1399/07/24,1865718,1923560,1865718,5320454334927,2851692
1399/07/23,1865710,1923553,1865710,5320432998361,2851692
1399/07/22,1859490,1917267,1859490,5302693687527,2851692
1399/07/21,1866622,1924434,1866622,5323032413808,2851692
1399/07/20,1869680,1927446,1869680,5331751592078,2851692
1399/07/19,1847619,1905327,1847619,5268841556700,2851692
1399/07/18,1841811,1899513,1841811,5252277802014,2851692
1399/07/17,1841803,1899505,1841803,5252255468386,2851692
1399/07/16,1841795,1899497,1841795,5252233265431,2851692
1399/07/15,1804598,1862097,1804598,5146158557568,2851692
1399/07/14,1760209,1817669,1760209,5019575878909,2851692
1399/07/13,1734807,1792099,1734807,4947136759966,2851692
1399/07/12,1734767,1791962,1734767,4947023771812,2851692
1399/07/11,1821185,1885705,1821185,4597675606223,2524551
1399/07/10,1821173,1885693,1821173,4597644257858,2524551
1399/07/09,1821160,1885680,1821160,4597612600299,2524551
1399/07/08,1796127,1860553,1796127,4534415929175,2524551
1399/07/07,1795407,1859859,1795407,4532598916462,2524551
1399/07/06,1991392,2064663,1991392,4422890467718,2221004
1399/07/05,2008901,2082060,2008901,4461779025827,2221004
1399/07/04,2001316,2074446,2001316,4444932596843,2221004
1399/07/03,2001302,2074431,2001302,4444899924642,2221004
1399/07/02,2001287,2074416,2001287,4444867210223,2221004
1399/07/01,1995088,2068252,1995088,4431099184684,2221004
1399/06/31,1981931,2055056,1981931,4401878242687,2221004
1399/06/30,2024775,2097769,2024775,4497035593410,2221004
1399/06/29,2080778,2155457,2080778,4517378797680,2171004
1399/06/28,2123574,2198322,2123574,4610289024679,2171004
1399/06/27,2123558,2198306,2123558,4610255005740,2171004
1399/06/26,2123543,2198291,2123543,4610220732423,2171004
1399/06/25,2100859,2175454,2100859,4560975401119,2171004
1399/06/24,2044113,2118587,2044113,4437778034445,2171004
1399/06/23,2045230,2119729,2045230,4440204602159,2171004
1399/06/22,2081155,2155749,2081155,4518195837623,2171004
1399/06/21,2059572,2134462,2059572,4471339447955,2171004
1399/06/20,2059556,2134447,2059556,4471305998605,2171004
1399/06/19,2059541,2134431,2059541,4471272675712,2171004
1399/06/18,2051177,2126050,2051177,4453114516907,2171004
1399/06/17,2109728,2184529,2109728,4580229110842,2171004
1399/06/16,2160911,2235736,2160911,4691348453967,2171004
1399/06/15,2162589,2237428,2162589,4694989978521,2171004
1399/06/14,2173719,2179757,2173719,4537455241440,2087415
1399/06/13,2173703,2179741,2173703,4537421291419,2087415
1399/06/12,2173687,2179725,2173687,4537387467968,2087415
1399/06/11,2222522,2227988,2222522,4639327416057,2087415
1399/06/10,2293637,2299229,2293637,4749719605044,2070824
1399/06/09,2322479,2328566,2322479,4586079887983,1974648
1399/06/08,2322460,2328547,2322460,4586041474101,1974648
1399/06/07,2322440,2328527,2322440,4586003186416,1974648
1399/06/06,2322421,2328508,2322421,4585965024863,1974648
1399/06/05,2322401,2328488,2322401,4585925194304,1974648
1399/06/04,2225777,2231937,2225777,4395126986413,1974648
1399/06/03,2180380,2187093,2180380,4305483211827,1974648
1399/06/02,2261849,2268680,2261849,4466356998734,1974648
1399/06/01,2352323,2359214,2352323,4645010678785,1974648
1399/05/31,2185021,2191937,2185021,4314648375507,1974648
1399/05/30,2184999,2191915,2184999,4314605433104,1974648
1399/05/29,2184978,2191893,2184978,4314562932840,1974648
1399/05/28,2220863,2227914,2220863,4385423819856,1974648
1399/05/27,2318278,2325721,2318278,4577783790542,1974648
1399/05/26,2350351,2357970,2350351,4641116211278,1974648
1399/05/25,2433427,2440991,2433427,4805162881761,1974648
1399/05/24,2539867,2547504,2539867,5015344131948,1974648
1399/05/23,2539850,2547487,2539850,5015310600634,1974648
1399/05/22,2539833,2547470,2539833,5015277194465,1974648
1399/05/21,2583165,2590923,2583165,5100843170626,1974648
1399/05/20,2591087,2598731,2591087,5116486650159,1974648
1399/05/19,2579711,2587178,2579711,5094021937142,1974648
1399/05/18,2500995,2508455,2500995,4938586493660,1974648
1399/05/17,2500977,2508437,2500977,4938550911108,1974648
1399/05/16,2500959,2508419,2500959,4938515453635,1974648
1399/05/15,2500942,2508401,2500942,4938480121188,1974648
1399/05/14,2452550,2460051,2452550,4842924671882,1974648
1399/05/13,2426430,2433877,2426430,4791347053783,1974648
1399/05/12,2419255,2426700,2419255,4777178697886,1974648
1399/05/11,2303801,2310931,2303801,4549196078464,1974648
1399/05/10,2232460,2239546,2232460,4408324238202,1974648
1399/05/09,2232439,2239525,2232439,4408282836988,1974648
1399/05/08,2232418,2239504,2232418,4408241560417,1974648
1399/05/07,2224493,2231551,2224493,4392591045798,1974648
1399/05/06,2242249,2249272,2242249,4322041594153,1927547
1399/05/05,2242225,2248844,2242225,4321994781964,1927547
1399/05/04,2418823,2425337,2418823,4662395467880,1927547
1399/05/03,2353667,2360267,2353667,4536805508154,1927547
1399/05/02,2353677,2360276,2353677,4536823852163,1927547
1399/05/01,2353689,2360288,2353689,4536846672856,1927547
1399/04/31,2350233,2356871,2350233,4530185584089,1927547
1399/03/31,2766157,2772684,2766157,3289691917341,1189264
1399/03/30,2962594,2969842,2962594,3065334603115,1034679
1399/03/29,2962547,2969795,2962547,3065285418725,1034679
1399/03/28,2962497,2969745,2962497,3065234282071,1034679
1399/03/27,2962450,2969698,2962450,3065185224196,1034679
1399/03/26,2935600,2943000,2935600,3037404054024,1034679
1399/03/25,2891091,2898767,2891091,2991351504942,1034679
1399/03/24,2918986,2926647,2918986,3020213632258,1034679
1399/03/23,2836741,2844434,2836741,2935116491201,1034679
1399/03/22,2836696,2844390,2836696,2935070748128,1034679
1399/03/21,2836652,2844346,2836652,2935025112808,1034679
1399/03/20,2776045,2783882,2776045,2872316463216,1034679
1399/03/19,2815999,2823662,2815999,2913655543546,1034679
1399/03/18,2798114,2805421,2798114,2895150377942,1034679
1399/03/17,2716398,2723403,2716398,2810600895083,1034679
1399/03/16,2681622,2688676,2681622,2774618181767,1034679
1399/03/15,2681574,2688628,2681574,2774568520233,1034679
1399/03/14,2681526,2688580,2681526,2774518965948,1034679
1399/03/13,2681478,2688533,2681478,2774469518915,1034679
1399/03/12,2604409,2611662,2604409,2694727769266,1034679
1399/03/11,2565723,2572796,2565723,2654699987285,1034679
1399/03/10,2623372,2630501,2623372,2714348655466,1034679
1399/03/09,2538943,2546333,2538943,2626991094907,1034679
1399/03/08,2538896,2546286,2538896,2626942498461,1034679
1399/03/07,2538849,2546239,2538849,2626894010472,1034679
1399/03/06,2594851,2602838,2594851,2684838697371,1034679
1399/03/02,2758210,2765776,2758210,2853862343552,1034679
1399/03/01,2758164,2765730,2758164,2853814613833,1034679
1399/02/31,2758127,2765693,2758127,2853776654708,1034679
1399/02/30,2798012,2805362,2798012,2895044508628,1034679
1399/02/29,2802192,2809916,2802192,2899369272080,1034679
1399/02/28,2708453,2716680,2708453,2802379833750,1034679
1399/02/27,2764593,2772882,2764593,2860466662078,1034679
1399/02/26,2833252,2841233,2833252,2931507037183,1034679
1399/02/25,2833207,2841188,2833207,2931460446452,1034679
1399/02/24,2833162,2841143,2833162,2931413965228,1034679
1399/02/23,2772520,2780607,2772520,2868668631216,1034679
1399/02/22,2808067,2816049,2808067,2905448825637,1034679
1399/02/21,2842229,2850184,2842229,2940795627353,1034679
1399/02/20,2809712,2817402,2809712,2907150541386,1034679
1399/02/19,2733283,2740755,2733283,2828071443473,1034679
1399/02/18,2733236,2740708,2733236,2828022359187,1034679
1399/02/17,2733189,2740661,2733189,2827973383859,1034679
1399/02/16,2715905,2723433,2715905,2810090698047,1034679
1399/02/15,2680641,2688006,2680641,2773603136231,1034679
1399/02/14,2618669,2625740,2618669,2709481961010,1034679
1399/02/13,2553931,2560831,2553931,2642499153110,1034679
1399/02/12,2479120,2485947,2479120,2565094216358,1034679
1399/02/11,2479067,2485894,2479067,2565039073863,1034679
1399/02/10,2479014,2485841,2479014,2564984041737,1034679
1399/02/09,2419919,2426462,2419919,2503839698329,1034679
1399/02/08,2373865,2380427,2373865,2456188494058,1034679
1399/02/07,2394751,2401302,2394751,2477798808516,1034679
1399/02/06,2387434,2393810,2387434,2470228010615,1034679
1399/02/05,2315150,2321507,2315150,2395437957331,1034679
1399/02/04,2315098,2321455,2315098,2395383726496,1034679
1399/02/03,2315046,2321402,2315046,2395329602705,1034679
1399/02/02,2240602,2247028,2240602,2318303968190,1034679
1399/02/01,2187645,2194195,2187645,2263510436833,1034679
1399/01/31,2207234,2213795,2207234,2283779294608,1034679
1399/01/30,2232822,2238902,2232822,2310254460546,1034679
1399/01/29,2177994,2183942,2177994,2253525190095,1034679
1399/01/28,2177936,2183884,2177936,2253465108915,1034679
1399/01/27,2177878,2183826,2177878,2253405135747,1034679
1399/01/26,2148687,2154737,2148687,2223201327719,1034679
1399/01/25,2183319,2189291,2183319,2259034408269,1034679
1399/01/24,2150757,2156278,2150757,2225343428821,1034679
1399/01/23,2104092,2109611,2104092,2177060018023,1034679
1399/01/22,2075740,2080932,2075740,2147724588367,1034679
1399/01/21,2075677,2080870,2075677,2147659816177,1034679
1399/01/20,2075611,2080804,2075611,2147591900340,1034679
1399/01/19,2035311,2040313,2035311,2105894508882,1034679
1399/01/18,1991501,1996326,1991501,2060564570339,1034679
1399/01/17,2004531,2009524,2004531,2074046447589,1034679
1398/12/29,1896543,1902058,1896543,1913221884901,1008794
1398/12/28,1896479,1901994,1896479,1913157226388,1008794
1398/12/27,1875804,1881263,1875804,1892300441930,1008794
1398/12/26,1917266,1922699,1917266,1934127285718,1008794
1398/12/25,1898645,1904419,1898645,1915341879107,1008794
1398/12/24,1940747,1946263,1940747,1957814247496,1008794
1398/12/23,1989607,1994854,1989607,1974599458916,992457
1398/12/22,1989535,1994782,1989535,1974528224346,992457
1398/12/21,1989463,1994711,1989463,1974457103869,992457
1398/12/20,1969295,1974771,1969295,1954441204735,992457
1398/12/19,1983716,1988976,1983716,1968753775954,992457
1398/12/18,2031418,2036346,2031418,2016095234161,992457
1398/12/17,2031396,2036324,2031396,2016073246466,992457
1398/12/16,2015943,2020728,2015943,2000737569443,992457
1398/12/15,2015920,2020705,2015920,2000714713686,992457
1398/12/14,2015897,2020682,2015897,2000691917975,992457
1398/12/13,1979856,1984788,1979856,1964922006267,992457
1398/12/12,1962499,1967634,1962499,1947696169479,992457
1398/12/11,1948079,1953239,1948079,1933385300738,992457
1398/12/10,1902349,1907565,1902349,1887999597483,992457
1398/12/09,1899249,1904454,1899249,1884923093339,992457
1398/12/08,1899228,1904433,1899228,1884903047711,992457
1398/12/07,1899208,1904413,1899208,1884883062136,992457
1398/12/06,1875349,1880343,1875349,1861203547538,992457
1398/12/05,1851771,1856632,1851771,1837803172558,992457
1398/12/04,1865461,1869898,1865461,1851390449496,992457
1398/12/03,1820915,1825347,1820915,1807180525900,992457
1398/12/02,1831504,1836030,1831504,1817689176924,992457
1398/12/01,1831503,1836029,1831503,1817688477782,992457
1398/11/30,1828972,1833498,1828972,1815176586410,992457
1398/11/29,1808073,1812498,1808073,1794435680370,992457
1398/11/28,1839446,1843931,1839446,1825571848660,992457
1398/11/27,1840167,1844621,1840167,1826286961739,992457
1398/11/26,1861924,1866544,1861924,1847879517230,992457
1398/11/25,1860511,1865154,1860511,1846478026852,992457
1398/11/24,1860511,1865154,1860511,1846477646561,992457
1398/11/23,1860511,1865153,1860511,1846477301729,992457
1398/11/22,1810503,1815181,1810503,1796846958982,992457
1398/11/21,1810503,1815181,1810503,1796846764211,992457
1398/11/20,1787115,1791683,1787115,1773635116841,992457
1398/11/19,1780594,1785247,1780594,1767163727954,992457
1398/11/18,1743557,1748309,1743557,1730405693897,992457
1398/11/17,1743557,1748309,1743557,1730405921764,992457
1398/11/16,1743557,1748309,1743557,1730406185089,992457
1398/11/15,1738895,1743850,1738895,1725779252494,992457
1398/11/14,1764109,1769151,1764109,1750802707953,992457
1398/11/13,1766749,1771908,1766749,1753422934071,992457
1398/11/12,2096010,2102105,2096010,1451397308640,692457
1398/11/11,2096946,2102784,2096946,1452045103866,692457
1398/11/10,2096939,2102777,2096939,1452040323916,692457
1398/11/09,2096932,2102770,2096932,1452035579409,692457
1398/11/08,2096925,2102763,2096925,1452030870342,692457
1398/11/07,2070863,2076483,2070863,1433983704320,692457
1398/11/06,2098246,2103952,2098246,1452945193658,692457
1398/11/05,2074155,2079792,2074155,1436263453452,692457
1398/11/04,2086681,2091990,2086681,1549271545471,742457
1398/11/03,2086687,2091996,2086687,1549276055580,742457
1398/11/02,2086694,2092002,2086694,1549280596364,742457
1398/11/01,2073274,2078695,2073274,1539317108764,742457
1398/10/30,2080158,2085364,2080158,1544428206427,742457
1398/10/29,2087853,2092953,2087853,1550141133541,742457
1398/10/28,2081817,2087198,2082051,1545659707962,742457
1398/10/27,2063810,2069257,2064045,1532290757247,742457
1398/10/26,2063815,2069262,2064049,1532294171195,742457
1398/10/25,2063820,2069266,2064054,1532297615812,742457
1398/10/24,2050487,2055800,2050487,1522398611645,742457
1398/10/23,2020748,2026790,2020748,1397246856030,691450
1398/10/22,1957282,1963383,1957282,1353363185936,691450
1398/10/21,1883695,1889824,1883695,1302481095730,691450
1398/10/20,1922834,1929529,1922834,1251615402503,650922
1398/10/19,1922843,1929538,1922843,1251621392283,650922
1398/10/18,1922853,1929548,1922853,1251627412743,650922
1398/10/17,1953889,1960435,1953889,1271829488472,650922
1398/10/16,1986367,1992820,1986367,1292970349139,650922
1398/10/15,2008248,2014823,2008248,1282975882217,638853
1398/10/14,2065921,2072690,2065921,1319820083298,638853
1398/10/13,2147047,2153772,2147047,1371647571807,638853
1398/10/12,2147056,2153782,2147056,1371653740337,638853
1398/10/11,2147066,2153792,2147066,1371659939546,638853
1398/10/10,2073401,2080208,2073401,1324598827164,638853
1398/10/09,1995646,2002409,1995646,1274924906795,638853
1398/10/08,1952336,1959171,1952336,1247256035981,638853
1398/10/07,1958835,1965782,1958835,1251408191673,638853
1398/10/06,1927655,1934594,1927655,1231488276738,638853
1398/10/05,1927665,1934605,1927665,1231495134548,638853
1398/10/04,1927676,1934616,1927676,1231502023037,638853
1398/10/03,1901359,1908241,1901359,1214688924031,638853
1398/10/02,1896454,1903398,1896454,1211555535239,638853
1398/10/01,1912906,1919860,1912906,1222065881640,638853
1398/09/30,1896068,1902885,1896068,1211308755156,638853
1398/09/29,1903965,1910772,1903965,1216353870003,638853
1398/09/28,1903964,1910772,1903964,1216353490250,638853
1398/09/27,1903964,1910771,1903964,1216353149409,638853
1398/09/26,1854580,1861189,1854580,1184804512415,638853
1398/09/25,1842024,1848680,1842024,1176782957895,638853
1398/09/24,1858599,1865299,1858599,1187372175768,638853
1398/09/23,1880884,1887622,1880884,1201608846378,638853
1398/09/22,1901311,1908210,1901311,1195714201508,628889
1398/09/21,1901311,1908209,1901311,1195713580725,628889
1398/09/20,1901310,1908208,1901310,1195712998688,628889
1398/09/19,1939944,1946963,1939944,1220009512385,628889
1398/09/18,1905634,1912692,1905634,1198432873694,628889
1398/09/17,1871087,1878004,1871087,1176706250181,628889
1398/09/16,1865139,1871934,1865139,1172965974620,628889
1398/09/15,1879539,1886192,1879539,1177927906901,626711
1398/09/14,1879536,1886189,1879536,1177926390952,626711
1398/09/13,1879534,1886187,1879534,1177924913632,626711
1398/09/12,1878399,1884916,1878399,1177213451843,626711
1398/09/11,1864207,1870654,1864207,1168319537443,626711
1398/09/10,1863237,1869670,1863237,1167711649878,626711
1398/09/09,1895321,1901790,1895321,1187819061803,626711
1398/09/08,2082244,2090662,2082244,1008903644392,484527
1398/09/07,2082238,2090655,2082238,1008900535176,484527
1398/09/06,2082231,2090649,2082231,1008897465214,484527
1398/09/05,2073595,2082113,2073595,1004712973006,484527
1398/09/04,2135550,2144015,2135550,1034731642328,484527
1398/09/03,2125541,2132416,2125541,1029882408634,484527
1398/09/01,2118595,2126295,2118595,968338169830,457066
1398/08/29,2118529,2126228,2118529,968307656022,457066
1398/08/27,2224664,2232809,2224664,817880157868,367642
1398/08/25,2273007,2281208,2273007,835652857351,367642
1398/08/23,2290975,2299284,2290975,842258784629,367642
1398/08/21,2233100,2241210,2233100,820981715612,367642
1398/08/18,2066950,2074616,2066950,759897696336,367642
1398/08/16,1833554,1840250,1833554,674091540533,367642
1398/08/15,1833500,1840196,1833500,674071818909,367642
1398/08/13,1828198,1834770,1828198,672122524851,367642
1398/08/11,1831686,1838253,1831686,673404828764,367642
1398/08/09,1832350,1838931,1832350,673649174171,367642
1398/08/07,1831130,1837706,1831130,673200523442,367642
1398/08/05,1833869,1840446,1833869,674207306172,367642
1398/08/03,1832633,1839223,1832633,673753064133,367642
1398/08/01,1832527,1839116,1832527,673713891430,367642
1398/07/28,1821430,1828182,1821430,647097925596,355269
1398/07/26,1873855,1880731,1873855,665722627698,355269
1398/07/24,1873710,1880587,1873710,665671167555,355269
1398/07/22,2003122,2010273,2003122,711647436921,355269
1398/07/20,2062081,2069419,2062081,732593564041,355269
1398/07/18,1999941,2007081,1999941,710517315906,355269
1398/07/16,2046244,2053561,2046244,726967256859,355269
1398/07/14,2082409,2089754,2082409,739815403745,355269
1398/07/11,2107741,2115107,2107741,748815091259,355269
1398/07/09,2107198,2114558,2107198,748622295187,355269
1398/07/07,2093479,2100732,2093479,743748231807,355269
1398/07/04,2109165,2116317,2109165,749321273081,355269
1398/07/02,2060610,2067796,2060610,711611299381,345340
1398/06/31,2026841,2033898,2026841,699949467567,345340
1398/06/29,2055670,2062871,2055670,709905092364,345340
1398/06/27,2055756,2062957,2055756,709935071901,345340
1398/06/25,2145505,2152924,2145505,740928994977,345340
1398/06/23,2103555,2110759,2103555,726441696309,345340
1398/06/22,2089622,2096804,2089622,721630252831,345340
1398/06/21,2089664,2096847,2089664,721644819291,345340
1398/06/20,2089706,2096889,2089706,721659390621,345340
1398/06/19,2100737,2107898,2100737,725468701928,345340
1398/06/17,2100821,2107982,2100821,725497793943,345340
1398/06/15,2000156,2007033,2000156,690734215136,345340
1398/06/14,2000196,2007073,2000196,690748025434,345340
1398/06/13,2000236,2007113,2000236,690761840599,345340
1398/06/12,1969469,1976205,1969469,680136542886,345340
1398/06/11,1948820,1955485,1948820,673005694870,345340
1398/06/10,1996372,2003104,1996372,689427291617,345340
1398/06/09,2010929,2017696,2010929,694454488646,345340
1398/06/08,2013396,2020181,2013396,695306212696,345340
1398/06/07,2013435,2020221,2013435,695319862717,345340
1398/06/06,2013475,2020260,2013475,695333517602,345340
1398/06/05,2041941,2048818,2041941,705164239968,345340
1398/06/04,2055680,2062552,2055680,709908682507,345340
1398/06/03,1986724,1993417,1986724,686095538512,345340
1398/06/02,1981163,1987801,1981163,684174983913,345340
1398/06/01,1972414,1978976,1972414,681153534281,345340
1398/05/31,1969864,1976426,1969864,680272972108,345340
1398/05/30,1969902,1976464,1969902,680286106251,345340
1398/05/29,1921122,1927531,1921122,663440493867,345340
1398/05/28,1921159,1927568,1921159,663453236965,345340
1398/05/27,1917339,1923713,1917339,662133968240,345340
1398/05/26,1918982,1925296,1918982,662701490814,345340
1398/05/25,1958055,1964458,1958055,676194956716,345340
1398/05/24,1958092,1964495,1958092,676207743350,345340
1398/05/23,1958129,1964532,1958129,676220534846,345340
1398/05/22,1932114,1938377,1932114,667236266551,345340
1398/05/21,1877483,1883602,1877483,648370027409,345340
1398/05/19,1835314,1841333,1835314,633807359833,345340
1398/05/17,1825591,1831547,1825591,630449912898,345340
1398/05/16,1825651,1831606,1825651,630470539552,345340
1398/05/15,1837030,1842915,1837030,634400010164,345340
1398/05/14,1861295,1867214,1861295,642779722669,345340
1398/05/12,1838219,1844011,1838219,634810879176,345340
1398/05/10,1864010,1869878,1864010,643717355154,345340
1398/05/09,1864070,1869938,1864070,643738036407,345340
1398/05/08,1809360,1815100,1809360,624844616202,345340
1398/05/07,1759329,1764959,1759329,607566930798,345340
1398/05/06,1778623,1784292,1778623,614229978612,345340
1398/05/05,1770250,1775879,1770250,611338421981,345340
1398/05/04,1776252,1781864,1776252,613410871968,345340
1398/05/03,1776308,1781921,1776308,613430494165,345340
1398/05/02,1776365,1781978,1776365,613450121243,345340
1398/05/01,1787020,1792854,1787020,596580639744,333841
1398/04/31,1750245,1756142,1750245,584303594554,333841
1398/04/30,1700522,1706289,1700522,567703969554,333841
1398/04/29,1649782,1655412,1649782,550764966708,333841
1398/04/28,1588969,1594466,1588969,530463163522,333841
1398/04/26,1589031,1594527,1589031,530483811640,333841
1398/04/24,1641367,1646919,1641367,547955604747,333841
1398/04/22,1571364,1576637,1571364,524586040865,333841
1397/12/15,1160649,1164234,1160649,322982135001,278277
1397/12/14,1161968,1165510,1161968,323349121642,278277
1397/12/13,1182610,1186399,1182610,304805999778,257740
1397/12/12,1181342,1185097,1181342,304479320068,257740
1397/12/11,1180233,1183962,1180233,304193279811,257740
1397/12/10,1180185,1183948,1180185,304181119686,257740
1397/12/09,1180220,1183982,1180220,304189917912,257740
1397/12/08,1180254,1184016,1180254,304198716165,257740
1397/12/07,1176998,1180734,1176998,303359686668,257740
1397/12/06,1182813,1186551,1182813,304858306237,257740
1397/12/05,1213578,1217667,1213578,287834093105,237178
1397/12/04,1213604,1217691,1213604,287840254969,237178
1397/12/03,1204820,1208887,1204820,285756931071,237178
1397/12/02,1204857,1208923,1204857,285765648581,237178
1397/12/01,1204894,1208960,1204894,285774366116,237178
1397/11/30,1200206,1204456,1200206,272524951255,227065
1397/11/28,1181165,1185377,1181165,268201279521,227065
1397/11/27,1181608,1185821,1181608,268301909799,227065
1397/11/26,1185291,1189514,1185291,269138200739,227065
1397/11/24,1185364,1189587,1185364,269154815084,227065
1397/11/23,1211071,1215713,1211071,250213350910,206605
1397/11/22,1219058,1223816,1219058,245629349673,201491
1397/11/21,1219099,1223857,1219099,245637585517,201491
1397/11/20,1214370,1219107,1214370,244684693626,201491
1397/11/19,1214411,1219148,1214411,244692899503,201491
1397/11/18,1214451,1219189,1214451,244701105406,201491
1397/11/17,1220655,1225516,1220655,239709871471,196378
1397/11/16,1215809,1220031,1215809,238758270388,196378
1397/11/15,1218492,1222568,1218492,239285160934,196378
1397/11/14,1223854,1227764,1223854,240338125777,196378
1397/11/13,1230041,1233901,1230041,241553144250,196378
1397/11/12,1225632,1229445,1225632,240687259375,196378
1397/11/11,1225667,1229480,1225667,240694094050,196378
1397/11/10,1225702,1229514,1225702,240700928747,196378
1397/11/09,1234077,1237914,1234077,242345661480,196378
1397/11/08,1248416,1252163,1248416,245161516092,196378
1397/11/06,1259216,1262809,1259216,247282428379,196378
1397/11/04,1241279,1244911,1241279,243760053084,196378
1397/11/02,1221303,1224945,1221303,239837208602,196378
1397/10/30,1222956,1226674,1222957,240161834314,196378
1397/10/28,1241693,1245422,1241693,243841226024,196378
1397/10/27,1241649,1245378,1241649,243832631594,196378
1397/10/26,1241605,1245334,1241605,243824045498,196378
1397/10/25,1243487,1247227,1243487,244193593290,196378
1397/10/24,1244981,1248691,1244981,244486986670,196378
1397/10/23,1252758,1256481,1252758,246014165498,196378
1397/10/22,1253446,1257145,1253446,246149246606,196378
1397/10/20,1256422,1260138,1256422,246733655741,196378
1397/10/19,1256435,1260151,1256435,246736235661,196378
1397/10/17,1222440,1226922,1222440,240060403178,196378
1397/10/15,1232660,1237172,1232660,242067371968,196378
1397/10/14,1237361,1241872,1237361,242990513655,196378
1397/10/13,1237381,1241893,1237381,242994592675,196378
1397/10/12,1237402,1241914,1237402,242998673694,196378
1397/10/11,1239844,1244327,1239844,243478150162,196378
1397/10/10,1221735,1226251,1221735,239922061585,196378
1397/10/09,1223810,1228311,1223810,240329405332,196378
1397/10/07,1225539,1230023,1225539,240668912745,196378
1397/10/05,1225575,1230059,1225575,240676025539,196378
1397/10/03,1224983,1229470,1224983,240559884323,196378
1397/10/01,1234190,1238650,1234190,242367829885,196378
1397/09/30,1268048,1272567,1268048,249016748972,196378
1397/09/28,1268048,1272567,1268048,249016758269,196378
1397/09/27,1296674,1301252,1296674,254638412590,196378
1397/09/26,1296249,1300757,1296249,254554935735,196378
1397/09/24,1334251,1338673,1334251,262017668337,196378
1397/09/23,1322564,1326901,1322564,259722558716,196378
1397/09/22,1322561,1326898,1322561,259721994495,196378
1397/09/21,1322558,1326895,1322558,259721436627,196378
1397/09/20,1329324,1333665,1329324,261050021692,196378
1397/09/19,1345305,1349713,1345305,264188457861,196378
1397/09/18,1358015,1362338,1358015,266684365066,196378
1397/09/17,1364630,1368904,1364630,267983459359,196378
1397/09/16,1361431,1365729,1361431,267355159658,196378
1397/09/14,1361424,1365722,1361424,267353786092,196378
1397/09/12,1340597,1344966,1340597,263263832419,196378
1397/09/11,1308893,1313165,1308893,257037958965,196378
1397/09/10,1289098,1293288,1289098,253150631666,196378
1397/09/09,1315260,1319438,1315260,258288142897,196378
1397/09/07,1315221,1319400,1315221,258280595548,196378
1397/09/05,1310969,1315027,1310969,257445522867,196378
1397/09/03,1347603,1351766,1347603,264639657110,196378
1397/09/02,1368984,1373068,1368984,268838389815,196378
1397/09/01,1368939,1373023,1368939,268829534945,196378
1397/08/30,1368909,1372993,1368909,268823669415,196378
1397/08/29,1377666,1381815,1377666,270543419242,196378
1397/08/28,1385759,1389771,1385759,272132757603,196378
1397/08/27,1378067,1381786,1378067,270622226949,196378
1397/08/26,1403689,1407510,1403689,275653639496,196378
1397/08/25,1397801,1401709,1397801,274497394628,196378
1397/08/24,1397760,1401669,1397760,274489408308,196378
1397/08/23,1397719,1401628,1397719,274481433423,196378
1397/08/22,1399664,1403704,1399664,274863394958,196378
1397/08/21,1401918,1406176,1401918,263675710922,188082
1397/08/20,1378055,1382174,1378055,259187342070,188082
1397/08/19,1420005,1424314,1420005,255495833100,179926
1397/08/18,1462926,1467423,1462926,248697498203,170000
1397/08/17,1462861,1467359,1462861,248686462342,170000
1397/08/15,1462731,1467229,1462731,248664431499,170000
1397/08/13,1451898,1456256,1451898,246822737913,170000
1397/08/11,1455089,1458792,1455089,247365196048,170000
1397/08/10,1455001,1458704,1455001,247350221414,170000
1397/08/08,1777224,1783537,1777387,177722491932,100000
1397/08/06,1763675,1769871,1763709,176367537622,100000
1397/08/04,1766461,1772731,1766461,176646124794,100000
1397/08/03,1766410,1772680,1766410,176641011670,100000
1397/08/01,1824660,1830848,1824661,182466034471,100000
1397/07/29,1890884,1896868,1890884,189088452791,100000
1397/07/27,1851959,1858022,1851959,185195968546,100000
1397/07/26,1851930,1857993,1851930,185193051495,100000
1397/07/24,1813473,1819634,1813474,181347373742,100000
1397/07/22,1703250,1709019,1703250,170325005654,100000
1397/07/21,1700391,1706217,1700412,170039193504,100000
1397/07/20,1765488,1771483,1765488,176548820524,100000
1397/07/19,1765441,1771436,1765441,176544110338,100000
1397/07/18,1765394,1771389,1765394,176539411616,100000
1397/07/17,1773305,1779297,1773306,177330537394,100000
1397/07/15,1700041,1704990,1700042,170004172992,100000
1397/07/14,1747470,1752623,1747470,174747018429,100000
1397/07/12,1761779,1766915,1761780,176177982200,100000
1397/07/10,1755304,1760424,1755305,175530486817,100000
1397/07/08,1876711,1882280,1876711,187671110951,100000
1397/07/07,1878265,1883836,1878266,187826584767,100000
1397/07/06,1826058,1831482,1826059,182605876117,100000
1397/07/05,1825942,1831366,1825943,182594268880,100000
1397/07/03,1825353,1830823,1825354,182535386597,100000
1397/07/02,1768896,1774184,1768897,176889647068,100000
1397/07/01,1714602,1719712,1714602,171460239060,100000
1397/06/31,1666776,1671763,1666777,166677647175,100000
1397/06/30,1680049,1685068,1680050,168004994661,100000
1397/06/29,1679959,1684978,1679960,167995935796,100000
1397/06/28,1679868,1684887,1679869,167986891382,100000
1397/06/27,1679778,1684797,1679779,167977861423,100000
1397/06/26,1645088,1650113,1645088,164508879944,100000
1397/06/25,1591886,1596697,1591886,159188663698,100000
1397/06/24,1612905,1617808,1612906,161290567123,100000
1397/06/23,1617122,1622043,1617123,161712230881,100000
1397/06/22,1617032,1621953,1617033,161703256664,100000
1397/06/21,1616942,1621863,1616943,161694296622,100000
1397/06/20,1599546,1604459,1599547,159954695793,100000
1397/06/19,1564635,1569381,1564635,156463507056,100000
1397/06/18,1512858,1517492,1512859,151285849425,100000
1397/06/17,1465829,1470430,1465829,146582906383,100000
1397/06/16,1417338,1421781,1417338,141733880757,100000
1397/06/15,1417266,1421709,1417266,141726691029,100000
1397/06/14,1417195,1421638,1417195,141719514349,100000
1397/06/13,1418424,1422878,1418425,141842473313,100000
1397/06/12,1398859,1403234,1398859,139885905151,100000
1397/06/11,1394053,1398409,1394054,139405385997,100000
1397/06/10,1428202,1432697,1428203,142820264646,100000
1397/06/09,1457922,1462470,1457922,145792252328,100000
1397/06/08,1457742,1462290,1457742,145774265567,100000
1397/06/07,1457563,1462111,1457563,145756306310,100000
1397/06/06,1456503,1461028,1456504,145650384653,100000
1397/06/05,1504143,1508760,1504144,150414396955,100000
1397/06/04,1489235,1493703,1489235,148923515044,100000
1397/06/03,1501880,1506404,1501881,150188061565,100000
1397/06/02,1482394,1486792,1482395,148239474157,100000
1397/06/01,1482199,1486597,1482200,148219997169,100000
1397/05/31,1482005,1486403,1482006,148200551872,100000
1397/05/30,1481811,1486209,1481812,148181126488,100000
1397/05/29,1510138,1514670,1510139,151013866312,100000
1397/05/28,1465373,1469764,1465374,146537396417,100000
1397/05/27,1418572,1422861,1418572,141857230329,100000
1397/05/26,1404323,1408574,1404324,140432369671,100000
1397/05/25,1404132,1408383,1404133,140413250798,100000
1397/05/24,1403941,1408192,1403942,140394160702,100000
1397/05/23,1419573,1423848,1419573,141957333546,100000
1397/05/22,1400801,1405001,1400802,140080163606,100000
1397/05/21,1414897,1419161,1414898,141489799653,100000
1397/05/20,1414675,1418897,1414675,141467575812,100000
1397/05/19,1434091,1438353,1434092,143409191944,100000
1397/05/18,1433893,1438154,1433893,143389344953,100000
1397/05/17,1433695,1437956,1433695,143369527101,100000
1397/05/16,1459242,1463567,1459243,145924295150,100000
1397/05/15,1479084,1483472,1479085,147908480189,100000
1397/05/14,1404016,1408090,1404016,140401674843,100000
1397/05/13,1367020,1370979,1367021,136702060134,100000
1397/05/12,1346105,1349977,1346105,134610501601,100000
1397/05/11,1345913,1349786,1345914,134591322704,100000
1397/05/10,1345721,1349594,1345722,134572172390,100000
1397/05/09,1305535,1309280,1305536,130553553701,100000
1397/05/08,1265465,1269086,1265465,126546506816,100000
1397/05/07,1227791,1231296,1227792,122779139454,100000
1397/05/06,1233268,1236785,1233269,123326876212,100000
1397/05/05,1214724,1218193,1214725,121472464827,100000
1397/05/04,1214533,1218002,1214534,121453382887,100000
1397/05/03,1214343,1217811,1214343,121434329273,100000
1397/05/02,1219971,1223453,1219971,121997113460,100000
1397/05/01,1226160,1229638,1226161,122616071940,100000
1397/04/31,1209136,1213022,1209136,120913613940,100000
1397/04/30,1209077,1212977,1209078,120907795014,100000
1397/04/29,1209010,1212910,1209011,120901074344,100000
1397/04/28,1208885,1212785,1208886,120888587358,100000
1397/04/27,1208764,1212663,1208764,120876426295,100000
1397/04/26,1214897,1218709,1214897,121489747084,100000
1397/04/25,1219630,1223456,1219631,121963024218,100000
1397/04/24,1230834,1234684,1230834,123083447465,100000
1397/04/23,1237679,1241550,1237679,123767900345,100000
1397/04/22,1230549,1234353,1230549,123054905827,100000
1397/04/21,1230432,1234237,1230433,123043287962,100000
1397/04/20,1230304,1234108,1230304,123030410454,100000
1397/04/19,1218091,1221802,1218092,121809195678,100000
1397/04/18,1201283,1204969,1201283,120128364480,100000
1397/04/17,1201163,1204850,1201164,120116388475,100000
1397/04/16,1202225,1205939,1202225,120222520332,100000
1397/03/23,1122569,1126064,1122569,112256921113,100000
1397/03/22,1085775,1089167,1085776,108577570605,100000
1397/03/21,1084682,1088084,1084682,108468215190,100000
1397/03/20,1084463,1087866,1084463,108446315599,100000
1397/03/19,1084866,1088285,1084866,108486627548,100000
1397/03/18,1085308,1088735,1085308,108530803752,100000
1397/03/17,1085203,1088631,1085204,108520373061,100000
1397/03/16,1085099,1088527,1085100,108509958671,100000
1397/03/15,1084995,1088423,1084996,108499560582,100000
1397/03/14,1084891,1088319,1084892,108489178794,100000
1397/03/13,1084788,1088216,1084789,108478813306,100000
1397/03/12,1087478,1090918,1087478,108747838143,100000
1397/03/11,1091179,1094646,1091180,109117963076,100000
1397/03/10,1091076,1094543,1091077,109107673145,100000
1397/03/09,1090973,1094440,1090974,109097399517,100000
1397/03/08,1093478,1096963,1093478,109347845640,100000
1397/03/07,1113784,1117325,1113785,111378471960,100000
1397/03/06,1115616,1119154,1115617,111561611373,100000
1397/03/05,1116950,1120501,1116950,111695044512,100000
1397/03/04,1117236,1120794,1117237,111723690645,100000
1397/03/03,1117127,1120685,1117128,111712768894,100000
1397/03/02,1117018,1120576,1117019,111701864394,100000
1397/03/01,1117237,1120786,1117237,111723733623,100000
1397/02/31,1117481,1121019,1117482,111748197506,100000
1397/02/30,1116278,1119812,1116278,111627819589,100000
1397/02/29,1116203,1119738,1116204,111620344414,100000
1397/02/28,1116059,1119582,1116059,111605931424,100000
1397/02/27,1115948,1119472,1115949,111594891123,100000
1397/02/26,1115838,1119361,1115838,111583868190,100000
1397/02/25,1106080,1109560,1106081,110608099665,100000
1397/02/24,1105735,1109200,1105735,110573514132,100000
1397/02/23,1105646,1109105,1105646,110564662523,100000
1397/02/22,1105035,1108479,1105035,110503503697,100000
1397/02/21,1100269,1103688,1100270,110026947924,100000
1397/02/20,1100161,1103580,1100162,110016144586,100000
1397/02/19,1100053,1103472,1100054,110005358511,100000
1397/02/18,1091599,1094991,1091599,109159914504,100000
1397/02/17,1091449,1094845,1091449,109144928766,100000
1397/02/16,1096155,1099549,1096156,109615548692,100000
1397/02/15,1099792,1103218,1099793,109979253633,100000
1397/02/14,1106791,1110229,1106792,110679184319,100000
1397/02/13,1106678,1110116,1106679,110667863491,100000
1397/02/12,1106565,1110003,1106566,110656560591,100000
1397/02/11,1106452,1109890,1106453,110645275621,100000
1397/02/10,1115290,1118746,1115290,111529080163,100000
1397/02/09,1115303,1118760,1115304,111530386884,100000
1397/02/08,1121227,1124706,1121228,112122773800,100000
1397/02/07,1122638,1126127,1122639,112263895094,100000
1397/02/06,1122529,1126017,1122529,112252902221,100000
1397/02/05,1122419,1125907,1122419,112241927084,100000
1397/02/04,1129544,1133078,1129544,112954414317,100000
1397/02/03,1132630,1136182,1132630,113263047729,100000
1397/02/02,1133453,1136992,1133454,113345364586,100000
1397/02/01,1133227,1136764,1133227,113322737841,100000
1397/01/31,1133506,1137038,1133507,113350660703,100000
1397/01/30,1133398,1136929,1133398,113339844316,100000
1397/01/29,1133290,1136821,1133290,113329045297,100000
1397/01/28,1132683,1136203,1132683,113268303962,100000
1397/01/27,1127851,1131338,1127851,112785115863,100000
1397/01/26,1138381,1141899,1138382,113838155192,100000
1397/01/25,1138955,1142463,1138956,113895582734,100000
1397/01/24,1138848,1142356,1138849,113884862427,100000
1397/01/23,1138741,1142249,1138742,113874159312,100000
1397/01/22,1138634,1142142,1138635,113863473387,100000
1397/01/21,1141868,1145376,1141868,114186870131,100000
1397/01/20,1141496,1145004,1141496,114149682707,100000
1397/01/19,1140616,1144122,1140616,114061616040,100000
1397/01/18,1132905,1136374,1132905,113290518323,100000
1397/01/17,1139635,1143147,1139636,113963566579,100000
1397/01/16,1139521,1143033,1139522,113952149700,100000
1397/01/15,1139407,1142919,1139408,113940750181,100000
1397/01/14,1137816,1141328,1137817,113781691323,100000
1397/01/13,1137123,1140634,1137124,113712398335,100000
1397/01/12,1137012,1140523,1137013,113701246296,100000
1397/01/11,1136901,1140411,1136901,113690111511,100000
1397/01/10,1136789,1140300,1136790,113678993981,100000
1397/01/09,1136678,1140189,1136679,113667893707,100000
1397/01/08,1136568,1140078,1136568,113656810690,100000
1397/01/07,1132704,1136203,1132704,113270453001,100000
1397/01/06,1126480,1129985,1126480,112648040192,100000
1397/01/05,1126551,1129934,1126552,112655186793,100000
1397/01/04,1127220,1130603,1127221,112722055435,100000
1397/01/03,1127115,1130498,1127116,112711559890,100000
1397/01/02,1127010,1130393,1127011,112701078625,100000
1397/01/01,1126906,1130289,1126907,112690611641,100000
1396/12/28,1126696,1130079,1126697,112669610901,100000
1396/12/27,1126683,1130080,1126684,112668398234,100000
1396/12/26,1126493,1130043,1126494,112649377212,100000
1396/12/25,1126041,1129648,1126041,112604110461,100000
1396/12/24,1125981,1129589,1125982,112598182325,100000
1396/12/23,1125922,1129530,1125923,112592266010,100000
1396/12/22,1127344,1130957,1127344,112734422818,100000
1396/12/21,1127790,1131387,1127791,112779070576,100000
1396/12/20,1127324,1130934,1127325,112732491845,100000
1396/12/19,1130652,1134279,1130653,113065281004,100000
1396/12/18,1131708,1135334,1131708,113170807498,100000
1396/12/17,1131649,1135276,1131650,113164977437,100000
1396/12/16,1131591,1135218,1131592,113159159197,100000
1396/12/15,1137675,1141304,1137676,113767566874,100000
1396/12/14,1142753,1146384,1142753,114275308170,100000
1396/12/13,1146095,1149712,1146096,114609535058,100000
1396/12/12,1148535,1152135,1148535,114853573099,100000
1396/12/11,1151116,1154694,1151116,115111680656,100000
1396/12/10,1151052,1154630,1151052,115105291351,100000
1396/12/09,1150989,1154567,1150989,115098914448,100000
1396/12/08,1154671,1158251,1154672,115467166142,100000
1396/12/07,1162313,1165883,1162314,116231386706,100000
1396/12/06,1162125,1165681,1162126,116212575166,100000
1396/12/05,1162493,1166052,1162493,116249328681,100000
1396/12/04,1162322,1165931,1162323,116232264109,100000
1396/12/03,1162254,1165863,1162255,116225494366,100000
1396/12/02,1162187,1165795,1162187,116218737722,100000
1396/12/01,1164815,1168399,1164815,116481533304,100000
1396/11/30,1164746,1168330,1164746,116474633508,100000
1396/11/29,1168581,1172166,1168582,116858178355,100000
1396/11/28,1174547,1178119,1174548,117454728630,100000
1396/11/27,1177869,1181401,1177869,117786909289,100000
1396/11/26,1177785,1181318,1177786,117778558412,100000
1396/11/25,1177702,1181234,1177702,117770222294,100000
1396/11/24,1177926,1181474,1177926,117792622524,100000
1396/11/23,1178156,1181709,1178157,117815694159,100000
1396/11/22,1178486,1182001,1178486,117848667015,100000
1396/11/21,1178398,1181913,1178398,117839851554,100000
1396/11/20,1177064,1180568,1177064,117706441489,100000
1396/11/19,1176976,1180480,1176976,117697647783,100000
1396/11/18,1176888,1180392,1176888,117688869026,100000
1396/11/17,1175603,1179095,1175604,117560366045,100000
1396/11/16,1165124,1168610,1165125,116512417248,100000
1396/11/15,1163261,1166740,1163261,116326177858,100000
1396/11/14,1161179,1164662,1161179,116117928342,100000
1396/11/13,1164303,1167790,1164303,116430306055,100000
1396/11/12,1164242,1167729,1164242,116424254046,100000
1396/11/11,1164182,1167669,1164182,116418214028,100000
1396/11/10,1171209,1174729,1171209,117120925987,100000
1396/11/09,1174423,1177956,1174424,117442391087,100000
1396/11/08,1180891,1184409,1180891,118089163897,100000
1396/11/07,1181176,1184671,1181177,118117678185,100000
1396/11/06,1184556,1188056,1184556,118455631915,100000
1396/11/05,1184499,1187999,1184499,118449916127,100000
1396/11/04,1184442,1187942,1184442,118444212201,100000
1396/11/03,1178331,1181833,1178332,117833142951,100000
1396/11/02,1153721,1157188,1153721,115372172116,100000
1396/11/01,1131825,1135280,1131826,113182591019,100000
1396/10/30,1131267,1134672,1131268,113126760371,100000
1396/10/29,1123862,1127238,1123863,112386297284,100000
1396/10/28,1123801,1127177,1123802,112380141000,100000
1396/10/27,1123739,1127115,1123740,112373996792,100000
1396/10/26,1119919,1123237,1119919,111991903459,100000
1396/10/25,1119615,1122918,1119616,111961560753,100000
1396/10/24,1115788,1119093,1115789,111578878258,100000
1396/10/23,1111089,1114376,1111090,111108931120,100000
1396/10/22,1109546,1112822,1109547,110954654975,100000
1396/10/21,1109477,1112753,1109478,110947706184,100000
1396/10/20,1109397,1112673,1109398,110939735892,100000
1396/10/19,1108714,1111988,1108715,110871434372,100000
1396/10/18,1108862,1112136,1108862,110886235111,100000
1396/10/17,1108051,1111324,1108051,110805133646,100000
1396/10/16,1107867,1111140,1107867,110786724556,100000
1396/10/15,1108112,1111335,1108113,110811264674,100000
1396/10/14,1108025,1111248,1108026,110802578660,100000
1396/10/13,1107939,1111162,1107940,110793905440,100000
1396/10/12,1107171,1110329,1107172,110717129066,100000
1396/10/11,1105615,1108690,1105616,110561519698,100000
1396/10/10,1101816,1104842,1101817,110181673373,100000
1396/10/09,1107630,1110592,1107630,110763006096,100000
1396/10/08,1118610,1121531,1118610,111861008895,100000
1396/10/07,1118517,1121438,1118517,111851710437,100000
1396/10/06,1118424,1121345,1118424,111842424949,100000
1396/10/05,1114918,1117858,1114918,111491813381,100000
1396/10/04,1118664,1121575,1118664,111866471633,100000
1396/10/03,1109367,1112389,1109368,110936723526,100000
1396/10/02,1106464,1109388,1106465,110646461661,100000
1396/10/01,1088027,1090891,1088027,108802765178,100000
1396/09/30,1087935,1090799,1087935,108793536166,100000
1396/09/29,1087842,1090706,1087842,108784266992,100000
1396/09/28,1100736,1103504,1100736,110073661162,100000
1396/09/27,1103241,1105882,1103242,110324182094,100000
1396/09/26,1113897,1116537,1113897,111389754725,100000
1396/09/25,1113514,1116143,1113515,111351437713,100000
1396/09/24,1083979,1086733,1083980,108397943885,100000
1396/09/23,1083892,1086646,1083893,108389232842,100000
1396/09/22,1083805,1086559,1083806,108380534116,100000
1396/09/21,1063368,1066241,1063369,106336820108,100000
1396/09/20,1063752,1066621,1063753,106375278710,100000
1396/09/19,1068919,1071747,1068919,106891931746,100000
1396/09/18,1069544,1072365,1069544,106954449960,100000
1396/09/17,1070971,1073798,1070971,107097122336,100000
1396/09/16,1070888,1073715,1070888,107088817368,100000
1396/09/15,1070805,1073632,1070805,107080524232,100000
1396/09/14,1070722,1073550,1070723,107072242927,100000
1396/09/13,1070828,1073658,1070829,107082898557,100000
1396/09/12,1070859,1073691,1070860,107085912120,100000
1396/09/11,1071743,1074579,1071744,107174388711,100000
1396/09/10,1071977,1074813,1071978,107197731618,100000
1396/09/09,1071893,1074729,1071894,107189336142,100000
1396/09/08,1071809,1074645,1071810,107180952596,100000
1396/09/07,1062152,1064915,1062153,106215278959,100000
1396/09/06,1059285,1062037,1059285,105928521247,100000
1396/09/05,1059196,1061949,1059197,105919686803,100000
1396/09/04,1053071,1055801,1053071,105307156038,100000
1396/09/03,1054693,1057426,1054693,105469363681,100000
1396/09/02,1054601,1057334,1054601,105460116317,100000
1396/09/01,1054508,1057241,1054508,105450881354,100000
1396/08/30,1055872,1058553,1055872,105587219508,100000
1396/08/29,1056392,1059061,1056393,105639293739,100000
1396/08/28,1060000,1062628,1060001,106000035806,100000
1396/08/27,1059900,1062527,1059900,105990002522,100000
1396/08/26,1061044,1063648,1061045,106104487317,100000
1396/08/25,1060944,1063547,1060944,106094411177,100000
1396/08/24,1060843,1063446,1060843,106084347838,100000
1396/08/23,1060635,1063229,1060636,106063549545,100000
1396/08/22,1062557,1065088,1062557,106255703233,100000
1396/08/21,1062321,1064845,1062321,106232101572,100000
1396/08/20,1062105,1064629,1062105,106210515707,100000
1396/08/19,1060472,1062995,1060473,106047290044,100000
1396/08/18,1060365,1062888,1060366,106036584122,100000
1396/08/17,1060258,1062781,1060259,106025891362,100000
1396/08/16,1060657,1063158,1060657,106065779928,100000
1396/08/15,1059600,1062082,1059600,105960074090,100000
1396/08/14,1058015,1060479,1058016,105801572377,100000
1396/08/13,1058314,1060633,1058315,105831466554,100000
1396/08/12,1053575,1056192,1053575,105357508554,100000
1396/08/11,1053461,1056078,1053461,105346122789,100000
1396/08/10,1053347,1055964,1053347,105334749269,100000
1396/08/09,1053257,1055864,1053258,105325761529,100000
1396/08/08,1052916,1055485,1052917,105291644136,100000
1396/08/07,1053320,1055840,1053320,105332032045,100000
1396/08/06,1044043,1046690,1044043,104404317154,100000
1396/08/05,1044044,1046646,1044044,104404429298,100000
1396/08/04,1043954,1046556,1043954,104395403967,100000
1396/08/03,1043863,1046465,1043863,104386387441,100000
1396/08/02,1043344,1045936,1043344,104334440330,100000
1396/08/01,1042823,1045399,1042823,104282319904,100000
1396/07/30,1040257,1042875,1040258,104025788682,100000
1396/07/29,1037845,1040449,1037845,103784520101,100000
1396/07/28,1037680,1040284,1037680,103768027456,100000
1396/07/27,1037576,1040181,1037577,103757694983,100000
1396/07/26,1037473,1040078,1037474,103747371592,100000
1396/07/25,1035489,1042074,1035489,103548928491,100000
1396/07/24,1035184,1041737,1035185,103518455537,100000
1396/07/23,1038325,1044765,1038325,103832506049,100000
1396/07/22,1039788,1046064,1039788,103978811399,100000
1396/07/21,1038081,1044483,1038081,103808103338,100000
1396/07/20,1037989,1044392,1037990,103798956433,100000
1396/07/19,1037898,1044300,1037898,103789816437,100000
1396/07/18,1038197,1044599,1038197,103819777146,100000
1396/07/17,1038474,1044850,1038475,103847475405,100000
1396/07/16,1038754,1045107,1038755,103875495006,100000
1396/07/15,1039848,1046218,1039848,103984801373,100000
1396/07/14,1038615,1044919,1038615,103861523823,100000
1396/07/13,1038521,1044825,1038521,103852108855,100000
1396/07/12,1038427,1044731,1038427,103842700957,100000
1396/07/11,1037765,1043946,1037765,103776513035,100000
1396/07/10,1038805,1045014,1038806,103880531173,100000
1396/07/09,1039081,1045270,1039082,103908159307,100000
1396/07/08,1038987,1045176,1038988,103898748757,100000
1396/07/07,1038893,1045082,1038894,103889345276,100000
1396/07/06,1038799,1044988,1038800,103879948863,100000
1396/07/05,1038705,1044894,1038706,103870559519,100000
1396/07/04,1039379,1045560,1039379,103937901767,100000
1396/07/03,1040073,1046257,1040074,104007355776,100000
1396/07/02,1034527,1040735,1034527,103452732150,100000
1396/07/01,1034468,1040655,1034469,103446856565,100000
1396/06/31,1040541,1046728,1040542,104054119181,100000
1396/06/30,1040339,1046526,1040340,104033935975,100000
1396/06/29,1040137,1046324,1040138,104013780036,100000
1396/06/28,1039945,1046114,1039945,103994503134,100000
1396/06/27,1040119,1046274,1040119,104011914000,100000
1396/06/26,1040322,1046425,1040322,104032217362,100000
1396/06/25,1039846,1045945,1039846,103984635214,100000
1396/06/24,1039319,1045428,1039320,103931965844,100000
1396/06/23,1038786,1044894,1038786,103878612151,100000
1396/06/22,1038253,1044361,1038253,103825326057,100000
1396/06/21,1041035,1042084,1041036,104103556967,100000
1396/06/20,1039929,1040959,1039929,103992982704,100000
1396/06/19,1038470,1039531,1038470,103847017117,100000
1396/06/18,1039020,1039220,1039020,103902001978,100000
1396/06/17,1038417,1038618,1038418,103841747684,100000
1396/06/16,1037815,1038016,1037816,103781567920,100000
1396/06/15,1037214,1037415,1037215,103721462687,100000
1396/06/14,1036501,1036700,1036501,103650103462,100000
